# World Bank, indicator SP.POP.GROW (population growth, annual %), 1970-2023, 24 countries.
# Source: World Bank Open Data (https://data.worldbank.org), retrieved 2026-09-18, CC BY 4.0.
# Country names are shortened and comma-free on purpose: the inline CSV parser splits on ','.
country,year,growth
Bangladesh,1970,2.5887
Bangladesh,1971,1.7481
Bangladesh,1972,1.9234
Bangladesh,1973,2.8630
Bangladesh,1974,2.8312
Bangladesh,1975,2.6223
Bangladesh,1976,2.5377
Bangladesh,1977,2.4883
Bangladesh,1978,2.4403
Bangladesh,1979,2.4090
Bangladesh,1980,2.3931
Bangladesh,1981,2.5648
Bangladesh,1982,2.7431
Bangladesh,1983,2.6796
Bangladesh,1984,2.5679
Bangladesh,1985,2.4628
Bangladesh,1986,2.3479
Bangladesh,1987,2.2388
Bangladesh,1988,2.1273
Bangladesh,1989,2.0474
Bangladesh,1990,1.9903
Bangladesh,1991,1.9106
Bangladesh,1992,1.8849
Bangladesh,1993,1.8628
Bangladesh,1994,1.8542
Bangladesh,1995,1.8583
Bangladesh,1996,1.8281
Bangladesh,1997,1.8535
Bangladesh,1998,1.8880
Bangladesh,1999,1.8995
Bangladesh,2000,1.8273
Bangladesh,2001,1.6669
Bangladesh,2002,1.5434
Bangladesh,2003,1.4553
Bangladesh,2004,1.3615
Bangladesh,2005,1.2607
Bangladesh,2006,1.1612
Bangladesh,2007,1.0756
Bangladesh,2008,0.9984
Bangladesh,2009,0.9319
Bangladesh,2010,0.8765
Bangladesh,2011,0.9085
Bangladesh,2012,0.9584
Bangladesh,2013,0.9384
Bangladesh,2014,0.9112
Bangladesh,2015,0.8938
Bangladesh,2016,0.8924
Bangladesh,2017,0.8509
Bangladesh,2018,0.8210
Bangladesh,2019,0.8464
Bangladesh,2020,0.8363
Bangladesh,2021,0.8150
Bangladesh,2022,1.0242
Bangladesh,2023,1.2217
Brazil,1970,2.4732
Brazil,1971,2.4480
Brazil,1972,2.4334
Brazil,1973,2.4210
Brazil,1974,2.3967
Brazil,1975,2.3788
Brazil,1976,2.3816
Brazil,1977,2.3866
Brazil,1978,2.3861
Brazil,1979,2.3763
Brazil,1980,2.3597
Brazil,1981,2.3287
Brazil,1982,2.2791
Brazil,1983,2.2337
Brazil,1984,2.1863
Brazil,1985,2.1306
Brazil,1986,2.0601
Brazil,1987,1.9816
Brazil,1988,1.9103
Brazil,1989,1.8439
Brazil,1990,1.7861
Brazil,1991,1.7158
Brazil,1992,1.6672
Brazil,1993,1.6199
Brazil,1994,1.5633
Brazil,1995,1.5390
Brazil,1996,1.5141
Brazil,1997,1.4865
Brazil,1998,1.4877
Brazil,1999,1.4565
Brazil,2000,1.3752
Brazil,2001,1.3034
Brazil,2002,1.2414
Brazil,2003,1.1802
Brazil,2004,1.1299
Brazil,2005,1.0959
Brazil,2006,1.0583
Brazil,2007,1.0124
Brazil,2008,0.9580
Brazil,2009,0.8956
Brazil,2010,0.8409
Brazil,2011,0.8138
Brazil,2012,0.8116
Brazil,2013,0.8105
Brazil,2014,0.8063
Brazil,2015,0.7917
Brazil,2016,0.7620
Brazil,2017,0.7282
Brazil,2018,0.6834
Brazil,2019,0.6520
Brazil,2020,0.5794
Brazil,2021,0.4254
Brazil,2022,0.3602
Brazil,2023,0.3959
China,1970,2.7617
China,1971,2.7469
China,1972,2.4574
China,1973,2.2834
China,1974,2.0660
China,1975,1.7664
China,1976,1.5473
China,1977,1.3628
China,1978,1.3382
China,1979,1.3339
China,1980,1.2542
China,1981,1.2810
China,1982,1.4727
China,1983,1.4449
China,1984,1.3121
China,1985,1.3617
China,1986,1.4874
China,1987,1.6036
China,1988,1.6101
China,1989,1.5332
China,1990,1.4673
China,1991,1.3644
China,1992,1.2255
China,1993,1.1496
China,1994,1.1303
China,1995,1.0865
China,1996,1.0481
China,1997,1.0235
China,1998,0.9596
China,1999,0.8659
China,2000,0.7880
China,2001,0.7264
China,2002,0.6700
China,2003,0.6229
China,2004,0.5939
China,2005,0.5881
China,2006,0.5584
China,2007,0.5223
China,2008,0.5124
China,2009,0.4974
China,2010,0.4830
China,2011,0.5465
China,2012,0.6783
China,2013,0.6661
China,2014,0.6303
China,2015,0.5815
China,2016,0.5731
China,2017,0.6052
China,2018,0.4677
China,2019,0.3547
China,2020,0.2380
China,2021,0.0893
China,2022,-0.0131
China,2023,-0.1038
Egypt,1970,2.3742
Egypt,1971,2.3107
Egypt,1972,2.3015
Egypt,1973,2.3003
Egypt,1974,2.3116
Egypt,1975,2.3572
Egypt,1976,2.3395
Egypt,1977,2.3673
Egypt,1978,2.4545
Egypt,1979,2.5000
Egypt,1980,2.6089
Egypt,1981,2.6867
Egypt,1982,2.7535
Egypt,1983,2.9278
Egypt,1984,3.0114
Egypt,1985,2.9760
Egypt,1986,2.8588
Egypt,1987,2.7734
Egypt,1988,2.7803
Egypt,1989,2.7222
Egypt,1990,2.9296
Egypt,1991,2.7570
Egypt,1992,2.3895
Egypt,1993,2.3073
Egypt,1994,2.1540
Egypt,1995,2.1042
Egypt,1996,2.0734
Egypt,1997,2.0726
Egypt,1998,2.1848
Egypt,1999,2.2306
Egypt,2000,2.1609
Egypt,2001,2.1238
Egypt,2002,2.1037
Egypt,2003,2.0955
Egypt,2004,2.0644
Egypt,2005,2.0222
Egypt,2006,1.9529
Egypt,2007,1.8875
Egypt,2008,1.8674
Egypt,2009,1.8884
Egypt,2010,1.9180
Egypt,2011,2.1045
Egypt,2012,2.2448
Egypt,2013,2.3053
Egypt,2014,2.2764
Egypt,2015,2.0989
Egypt,2016,2.0347
Egypt,2017,1.9982
Egypt,2018,1.8971
Egypt,2019,1.7550
Egypt,2020,1.6250
Egypt,2021,1.4908
Egypt,2022,1.4861
Egypt,2023,1.6883
Ethiopia,1970,2.7562
Ethiopia,1971,2.7327
Ethiopia,1972,2.6720
Ethiopia,1973,2.6611
Ethiopia,1974,2.5866
Ethiopia,1975,2.4442
Ethiopia,1976,2.5249
Ethiopia,1977,1.9265
Ethiopia,1978,1.6960
Ethiopia,1979,1.4831
Ethiopia,1980,0.5530
Ethiopia,1981,2.5111
Ethiopia,1982,3.8815
Ethiopia,1983,2.7930
Ethiopia,1984,2.6020
Ethiopia,1985,2.8163
Ethiopia,1986,2.9565
Ethiopia,1987,3.4073
Ethiopia,1988,3.9048
Ethiopia,1989,3.8411
Ethiopia,1990,3.7015
Ethiopia,1991,4.3313
Ethiopia,1992,4.2076
Ethiopia,1993,3.5151
Ethiopia,1994,3.4812
Ethiopia,1995,3.4044
Ethiopia,1996,3.2998
Ethiopia,1997,3.2052
Ethiopia,1998,3.1405
Ethiopia,1999,3.1245
Ethiopia,2000,3.0682
Ethiopia,2001,3.0335
Ethiopia,2002,3.0440
Ethiopia,2003,3.0210
Ethiopia,2004,2.9947
Ethiopia,2005,2.9660
Ethiopia,2006,2.9373
Ethiopia,2007,2.9302
Ethiopia,2008,2.8944
Ethiopia,2009,2.8397
Ethiopia,2010,2.8352
Ethiopia,2011,2.8435
Ethiopia,2012,2.8039
Ethiopia,2013,2.7185
Ethiopia,2014,2.6830
Ethiopia,2015,2.6848
Ethiopia,2016,2.7079
Ethiopia,2017,2.7252
Ethiopia,2018,2.6968
Ethiopia,2019,2.6912
Ethiopia,2020,2.7108
Ethiopia,2021,2.6725
Ethiopia,2022,2.6227
Ethiopia,2023,2.6036
France,1970,0.9101
France,1971,0.9423
France,1972,0.8777
France,1973,0.8083
France,1974,0.6616
France,1975,0.4757
France,1976,0.4241
France,1977,0.4674
France,1978,0.4533
France,1979,0.4481
France,1980,0.5339
France,1981,0.5938
France,1982,0.3652
France,1983,0.5389
France,1984,0.4885
France,1985,0.4998
France,1986,0.5111
France,1987,0.5431
France,1988,0.5781
France,1989,0.5970
France,1990,0.5472
France,1991,0.5020
France,1992,0.4980
France,1993,0.4349
France,1994,0.3745
France,1995,0.3642
France,1996,0.3574
France,1997,0.3568
France,1998,0.3705
France,1999,0.5159
France,2000,0.6863
France,2001,0.7290
France,2002,0.7270
France,2003,0.7056
France,2004,0.7326
France,2005,0.7519
France,2006,0.6963
France,2007,0.6182
France,2008,0.5580
France,2009,0.5134
France,2010,0.4930
France,2011,0.4827
France,2012,0.4837
France,2013,0.5169
France,2014,0.4748
France,2015,0.3556
France,2016,0.2639
France,2017,0.2902
France,2018,0.3585
France,2019,0.3326
France,2020,0.3246
France,2021,0.3569
France,2022,0.5023
France,2023,0.2751
Germany,1970,0.3327
Germany,1971,0.1835
Germany,1972,0.4785
Germany,1973,0.3149
Germany,1974,0.0390
Germany,1975,-0.3728
Germany,1976,-0.4288
Germany,1977,-0.2264
Germany,1978,-0.0870
Germany,1979,0.0442
Germany,1980,0.2074
Germany,1981,0.1523
Germany,1982,-0.0951
Germany,1983,-0.2622
Germany,1984,-0.3457
Germany,1985,-0.2235
Germany,1986,0.0458
Germany,1987,0.1536
Germany,1988,0.3907
Germany,1989,0.7733
Germany,1990,0.8620
Germany,1991,0.7286
Germany,1992,0.7603
Germany,1993,0.6574
Germany,1994,0.3469
Germany,1995,0.2939
Germany,1996,0.2895
Germany,1997,0.1463
Germany,1998,0.0151
Germany,1999,0.0646
Germany,2000,0.1354
Germany,2001,0.1682
Germany,2002,0.1681
Germany,2003,0.0554
Germany,2004,-0.0217
Germany,2005,-0.0568
Germany,2006,-0.1128
Germany,2007,-0.1337
Germany,2008,-0.1901
Germany,2009,-0.2534
Germany,2010,-0.1532
Germany,2011,-1.8537
Germany,2012,0.1877
Germany,2013,0.2729
Germany,2014,0.4169
Germany,2015,0.8657
Germany,2016,0.8072
Germany,2017,0.3737
Germany,2018,0.3005
Germany,2019,0.2255
Germany,2020,0.0817
Germany,2021,0.0423
Germany,2022,-0.0220
Germany,2023,0.1315
India,1970,2.2198
India,1971,2.2161
India,1972,2.1950
India,1973,2.2504
India,1974,2.3001
India,1975,2.3617
India,1976,2.3526
India,1977,2.3589
India,1978,2.3027
India,1979,2.3255
India,1980,2.3848
India,1981,2.3497
India,1982,2.3340
India,1983,2.3407
India,1984,2.3459
India,1985,2.3271
India,1986,2.3083
India,1987,2.2808
India,1988,2.2505
India,1989,2.2347
India,1990,2.2131
India,1991,2.1678
India,1992,2.1300
India,1993,2.0999
India,1994,2.0444
India,1995,2.0130
India,1996,1.9978
India,1997,1.9664
India,1998,1.9360
India,1999,1.9020
India,2000,1.8794
India,2001,1.8706
India,2002,1.8113
India,2003,1.7344
India,2004,1.7036
India,2005,1.6314
India,2006,1.5641
India,2007,1.5060
India,2008,1.4388
India,2009,1.4460
India,2010,1.4546
India,2011,1.4168
India,2012,1.3741
India,2013,1.3327
India,2014,1.2613
India,2015,1.1929
India,2016,1.1916
India,2017,1.1624
India,2018,1.0973
India,2019,1.0400
India,2020,0.9734
India,2021,0.8226
India,2022,0.7902
India,2023,0.8833
Indonesia,1970,2.7523
Indonesia,1971,2.7092
Indonesia,1972,2.6623
Indonesia,1973,2.6272
Indonesia,1974,2.5738
Indonesia,1975,2.5261
Indonesia,1976,2.4942
Indonesia,1977,2.4552
Indonesia,1978,2.4385
Indonesia,1979,2.4231
Indonesia,1980,2.3886
Indonesia,1981,2.3452
Indonesia,1982,2.3124
Indonesia,1983,2.2802
Indonesia,1984,2.2297
Indonesia,1985,2.1363
Indonesia,1986,2.0175
Indonesia,1987,1.9414
Indonesia,1988,1.9089
Indonesia,1989,1.8746
Indonesia,1990,1.8144
Indonesia,1991,1.7701
Indonesia,1992,1.7332
Indonesia,1993,1.7016
Indonesia,1994,1.6860
Indonesia,1995,1.6628
Indonesia,1996,1.6455
Indonesia,1997,1.6263
Indonesia,1998,1.5807
Indonesia,1999,1.5032
Indonesia,2000,1.4324
Indonesia,2001,1.3880
Indonesia,2002,1.3557
Indonesia,2003,1.3238
Indonesia,2004,1.2710
Indonesia,2005,1.2838
Indonesia,2006,1.3253
Indonesia,2007,1.3209
Indonesia,2008,1.2974
Indonesia,2009,1.2670
Indonesia,2010,1.2605
Indonesia,2011,1.2767
Indonesia,2012,1.2858
Indonesia,2013,1.2404
Indonesia,2014,1.1754
Indonesia,2015,1.1223
Indonesia,2016,1.0745
Indonesia,2017,1.0223
Indonesia,2018,0.9697
Indonesia,2019,0.9356
Indonesia,2020,0.8498
Indonesia,2021,0.7046
Indonesia,2022,0.7461
Indonesia,2023,0.8427
Iran,1970,3.0362
Iran,1971,2.9879
Iran,1972,2.9275
Iran,1973,2.9277
Iran,1974,2.9602
Iran,1975,3.0228
Iran,1976,3.0139
Iran,1977,3.0973
Iran,1978,3.2671
Iran,1979,3.4375
Iran,1980,3.6223
Iran,1981,5.2485
Iran,1982,5.2940
Iran,1983,3.8928
Iran,1984,3.7617
Iran,1985,3.6734
Iran,1986,3.6900
Iran,1987,3.5843
Iran,1988,3.2277
Iran,1989,2.9207
Iran,1990,2.9114
Iran,1991,2.7152
Iran,1992,1.9775
Iran,1993,0.3566
Iran,1994,0.1905
Iran,1995,1.1072
Iran,1996,1.0804
Iran,1997,1.1988
Iran,1998,1.3737
Iran,1999,1.4243
Iran,2000,1.4762
Iran,2001,1.5438
Iran,2002,0.8258
Iran,2003,1.1084
Iran,2004,2.1392
Iran,2005,2.2130
Iran,2006,2.1544
Iran,2007,1.6351
Iran,2008,1.2145
Iran,2009,1.2419
Iran,2010,1.2517
Iran,2011,1.2359
Iran,2012,1.2513
Iran,2013,1.3069
Iran,2014,1.3431
Iran,2015,1.3616
Iran,2016,1.4335
Iran,2017,1.4387
Iran,2018,1.2752
Iran,2019,1.0783
Iran,2020,0.7688
Iran,2021,0.8310
Iran,2022,1.2010
Iran,2023,1.2041
Italy,1970,0.5289
Italy,1971,0.4665
Italy,1972,0.5677
Italy,1973,0.6782
Italy,1974,0.6544
Italy,1975,0.5972
Italy,1976,0.4989
Italy,1977,0.4247
Italy,1978,0.3563
Italy,1979,0.2891
Italy,1980,0.2060
Italy,1981,0.1201
Italy,1982,0.0741
Italy,1983,0.0363
Italy,1984,0.0224
Italy,1985,0.0289
Italy,1986,0.0054
Italy,1987,0.0102
Italy,1988,0.0483
Italy,1989,0.0750
Italy,1990,0.0837
Italy,1991,0.0692
Italy,1992,0.0679
Italy,1993,0.0611
Italy,1994,0.0204
Italy,1995,0.0016
Italy,1996,0.0281
Italy,1997,0.0529
Italy,1998,0.0288
Italy,1999,0.0168
Italy,2000,0.0453
Italy,2001,0.0612
Italy,2002,0.1979
Italy,2003,0.5404
Italy,2004,0.7446
Italy,2005,0.5837
Italy,2006,0.4001
Italy,2007,0.6084
Italy,2008,0.7713
Italy,2009,0.5797
Italy,2010,0.4422
Italy,2011,0.3462
Italy,2012,0.2735
Italy,2013,0.1998
Italy,2014,0.0151
Italy,2015,-0.1511
Italy,2016,-0.1901
Italy,2017,-0.1881
Italy,2018,-0.2086
Italy,2019,-0.2477
Italy,2020,-0.4871
Italy,2021,-0.5156
Italy,2022,-0.2023
Italy,2023,-0.0499
Japan,1970,1.1516
Japan,1971,2.1943
Japan,1972,1.4008
Japan,1973,1.4072
Japan,1974,1.3296
Japan,1975,1.2727
Japan,1976,1.0716
Japan,1977,0.9680
Japan,1978,0.9100
Japan,1979,0.8466
Japan,1980,0.7882
Japan,1981,0.7285
Japan,1982,0.6937
Japan,1983,0.6956
Japan,1984,0.6483
Japan,1985,0.6259
Japan,1986,0.5324
Japan,1987,0.4820
Japan,1988,0.4161
Japan,1989,0.3998
Japan,1990,0.3318
Japan,1991,0.3928
Japan,1992,0.3712
Japan,1993,0.3242
Japan,1994,0.2792
Japan,1995,0.2346
Japan,1996,0.2269
Japan,1997,0.2383
Japan,1998,0.2717
Japan,1999,0.1826
Japan,2000,0.1673
Japan,2001,0.2410
Japan,2002,0.2325
Japan,2003,0.2140
Japan,2004,0.0337
Japan,2005,0.0094
Japan,2006,0.0634
Japan,2007,0.1149
Japan,2008,0.0484
Japan,2009,-0.0125
Japan,2010,0.0180
Japan,2011,-0.1852
Japan,2012,-0.1597
Japan,2013,-0.1443
Japan,2014,-0.1327
Japan,2015,-0.1061
Japan,2016,-0.0511
Japan,2017,-0.0819
Japan,2018,-0.1269
Japan,2019,-0.1405
Japan,2020,-0.2942
Japan,2021,-0.4600
Japan,2022,-0.4439
Japan,2023,-0.4874
Mexico,1970,3.1623
Mexico,1971,3.0956
Mexico,1972,3.0396
Mexico,1973,2.9850
Mexico,1974,2.9260
Mexico,1975,2.8587
Mexico,1976,2.7807
Mexico,1977,2.7052
Mexico,1978,2.6458
Mexico,1979,2.5765
Mexico,1980,2.4845
Mexico,1981,2.3376
Mexico,1982,2.2124
Mexico,1983,2.1601
Mexico,1984,2.1112
Mexico,1985,2.0688
Mexico,1986,2.0343
Mexico,1987,2.0050
Mexico,1988,1.9754
Mexico,1989,1.9283
Mexico,1990,1.9175
Mexico,1991,1.9258
Mexico,1992,1.8939
Mexico,1993,1.8527
Mexico,1994,1.8150
Mexico,1995,1.7802
Mexico,1996,1.7350
Mexico,1997,1.6823
Mexico,1998,1.6393
Mexico,1999,1.5989
Mexico,2000,1.5427
Mexico,2001,1.4830
Mexico,2002,1.4377
Mexico,2003,1.3983
Mexico,2004,1.3653
Mexico,2005,1.3486
Mexico,2006,1.3537
Mexico,2007,1.4079
Mexico,2008,1.4602
Mexico,2009,1.4619
Mexico,2010,1.4397
Mexico,2011,1.4153
Mexico,2012,1.3572
Mexico,2013,1.2973
Mexico,2014,1.2100
Mexico,2015,1.0696
Mexico,2016,0.9691
Mexico,2017,0.9352
Mexico,2018,0.9466
Mexico,2019,0.9501
Mexico,2020,0.8205
Mexico,2021,0.6674
Mexico,2022,0.7531
Mexico,2023,0.8722
Nigeria,1970,2.2836
Nigeria,1971,2.3356
Nigeria,1972,2.3954
Nigeria,1973,2.4948
Nigeria,1974,2.6233
Nigeria,1975,2.7689
Nigeria,1976,2.8714
Nigeria,1977,2.9839
Nigeria,1978,3.0640
Nigeria,1979,3.0845
Nigeria,1980,3.1207
Nigeria,1981,3.0750
Nigeria,1982,2.9923
Nigeria,1983,2.5938
Nigeria,1984,2.5629
Nigeria,1985,2.8331
Nigeria,1986,2.7166
Nigeria,1987,2.6646
Nigeria,1988,2.6744
Nigeria,1989,2.6921
Nigeria,1990,2.7029
Nigeria,1991,2.6411
Nigeria,1992,2.6253
Nigeria,1993,2.6501
Nigeria,1994,2.6414
Nigeria,1995,2.6366
Nigeria,1996,2.6143
Nigeria,1997,2.6031
Nigeria,1998,2.6134
Nigeria,1999,2.6359
Nigeria,2000,2.6744
Nigeria,2001,2.7164
Nigeria,2002,2.7415
Nigeria,2003,2.7567
Nigeria,2004,2.7705
Nigeria,2005,2.7688
Nigeria,2006,2.7612
Nigeria,2007,2.7718
Nigeria,2008,2.7845
Nigeria,2009,2.7873
Nigeria,2010,2.7951
Nigeria,2011,2.8028
Nigeria,2012,2.7742
Nigeria,2013,2.7147
Nigeria,2014,2.6422
Nigeria,2015,2.5362
Nigeria,2016,2.4718
Nigeria,2017,2.4317
Nigeria,2018,2.3122
Nigeria,2019,2.1944
Nigeria,2020,2.1303
Nigeria,2021,2.0962
Nigeria,2022,2.0928
Nigeria,2023,2.0984
Pakistan,1970,2.8761
Pakistan,1971,2.7559
Pakistan,1972,2.7671
Pakistan,1973,2.9119
Pakistan,1974,2.9406
Pakistan,1975,2.9893
Pakistan,1976,3.0610
Pakistan,1977,3.1360
Pakistan,1978,3.2032
Pakistan,1979,3.4641
Pakistan,1980,4.0851
Pakistan,1981,4.1781
Pakistan,1982,3.7596
Pakistan,1983,3.4622
Pakistan,1984,3.1351
Pakistan,1985,3.1693
Pakistan,1986,3.3806
Pakistan,1987,3.4094
Pakistan,1988,3.3615
Pakistan,1989,3.2681
Pakistan,1990,3.3430
Pakistan,1991,3.3065
Pakistan,1992,2.8625
Pakistan,1993,2.7725
Pakistan,1994,2.8927
Pakistan,1995,2.8903
Pakistan,1996,2.9107
Pakistan,1997,2.8283
Pakistan,1998,2.7613
Pakistan,1999,2.7219
Pakistan,2000,2.8248
Pakistan,2001,2.7962
Pakistan,2002,2.4508
Pakistan,2003,2.3539
Pakistan,2004,2.4681
Pakistan,2005,2.4038
Pakistan,2006,2.3820
Pakistan,2007,2.6420
Pakistan,2008,2.6772
Pakistan,2009,2.5413
Pakistan,2010,2.4708
Pakistan,2011,2.2369
Pakistan,2012,1.9062
Pakistan,2013,1.6272
Pakistan,2014,1.5003
Pakistan,2015,1.4025
Pakistan,2016,1.3022
Pakistan,2017,1.4141
Pakistan,2018,1.6237
Pakistan,2019,1.6919
Pakistan,2020,1.8038
Pakistan,2021,1.8868
Pakistan,2022,1.7480
Pakistan,2023,1.5488
Philippines,1970,2.5886
Philippines,1971,2.3548
Philippines,1972,2.2840
Philippines,1973,2.2223
Philippines,1974,2.1609
Philippines,1975,2.2727
Philippines,1976,2.5333
Philippines,1977,2.6643
Philippines,1978,2.6848
Philippines,1979,2.6669
Philippines,1980,2.6077
Philippines,1981,2.6050
Philippines,1982,2.7679
Philippines,1983,2.9138
Philippines,1984,2.8921
Philippines,1985,2.7298
Philippines,1986,2.5607
Philippines,1987,2.6350
Philippines,1988,2.6831
Philippines,1989,2.5227
Philippines,1990,2.5612
Philippines,1991,2.4013
Philippines,1992,2.3697
Philippines,1993,2.4046
Philippines,1994,2.1805
Philippines,1995,2.1882
Philippines,1996,2.3036
Philippines,1997,2.3527
Philippines,1998,2.5148
Philippines,1999,2.5561
Philippines,2000,2.3793
Philippines,2001,2.2060
Philippines,2002,2.0277
Philippines,2003,1.9821
Philippines,2004,1.9433
Philippines,2005,1.8594
Philippines,2006,1.6821
Philippines,2007,1.7346
Philippines,2008,1.7673
Philippines,2009,1.8016
Philippines,2010,2.0480
Philippines,2011,1.9647
Philippines,2012,1.9423
Philippines,2013,1.8797
Philippines,2014,1.6428
Philippines,2015,1.4788
Philippines,2016,1.3419
Philippines,2017,1.2883
Philippines,2018,1.2369
Philippines,2019,1.2162
Philippines,2020,1.1455
Philippines,2021,0.9057
Philippines,2022,0.7605
Philippines,2023,0.8100
Russia,1970,0.5691
Russia,1971,0.5743
Russia,1972,0.5732
Russia,1973,0.5745
Russia,1974,0.5735
Russia,1975,0.5739
Russia,1976,0.7032
Russia,1977,0.7027
Russia,1978,0.7029
Russia,1979,0.7031
Russia,1980,0.7097
Russia,1981,0.6675
Russia,1982,0.6283
Russia,1983,0.5983
Russia,1984,0.7574
Russia,1985,0.7767
Russia,1986,0.7176
Russia,1987,0.6974
Russia,1988,0.6483
Russia,1989,0.5866
Russia,1990,0.1680
Russia,1991,0.2867
Russia,1992,0.0970
Russia,1993,-0.0535
Russia,1994,-0.0343
Russia,1995,-0.0216
Russia,1996,-0.1455
Russia,1997,-0.1653
Russia,1998,-0.1655
Russia,1999,-0.3093
Russia,2000,-0.4206
Russia,2001,-0.4241
Russia,2002,-0.4600
Russia,2003,-0.4538
Russia,2004,-0.4027
Russia,2005,-0.3815
Russia,2006,-0.3274
Russia,2007,-0.1711
Russia,2008,-0.0439
Russia,2009,0.0301
Russia,2010,0.0449
Russia,2011,0.1180
Russia,2012,0.2516
Russia,2013,0.2975
Russia,2014,0.2997
Russia,2015,0.2794
Russia,2016,0.2588
Russia,2017,0.1914
Russia,2018,0.0721
Russia,2019,0.0379
Russia,2020,-0.1432
Russia,2021,-0.3437
Russia,2022,-0.3528
Russia,2023,-0.2852
South Africa,1970,3.0316
South Africa,1971,2.9287
South Africa,1972,2.8672
South Africa,1973,2.8593
South Africa,1974,2.8200
South Africa,1975,2.7698
South Africa,1976,2.7053
South Africa,1977,2.7041
South Africa,1978,2.7300
South Africa,1979,2.7067
South Africa,1980,3.0429
South Africa,1981,3.4042
South Africa,1982,3.4571
South Africa,1983,3.4934
South Africa,1984,3.4626
South Africa,1985,3.3348
South Africa,1986,3.1971
South Africa,1987,3.1175
South Africa,1988,3.0460
South Africa,1989,2.9395
South Africa,1990,2.7814
South Africa,1991,2.2847
South Africa,1992,1.7963
South Africa,1993,1.9913
South Africa,1994,1.6197
South Africa,1995,1.2139
South Africa,1996,1.2970
South Africa,1997,1.1980
South Africa,1998,1.2124
South Africa,1999,1.0897
South Africa,2000,0.9147
South Africa,2001,0.8595
South Africa,2002,0.9470
South Africa,2003,0.9966
South Africa,2004,1.0074
South Africa,2005,1.0126
South Africa,2006,1.0217
South Africa,2007,1.0551
South Africa,2008,1.1531
South Africa,2009,1.1939
South Africa,2010,1.1829
South Africa,2011,1.2363
South Africa,2012,1.4748
South Africa,2013,1.6527
South Africa,2014,1.6614
South Africa,2015,2.0099
South Africa,2016,0.9405
South Africa,2017,0.6538
South Africa,2018,1.6824
South Africa,2019,1.6496
South Africa,2020,1.6222
South Africa,2021,1.5406
South Africa,2022,1.4140
South Africa,2023,1.3281
South Korea,1970,2.1842
South Korea,1971,1.9713
South Korea,1972,1.8760
South Korea,1973,1.7683
South Korea,1974,1.7127
South Korea,1975,1.6820
South Korea,1976,1.5966
South Korea,1977,1.5590
South Korea,1978,1.5192
South Korea,1979,1.5169
South Korea,1980,1.5585
South Korea,1981,1.5602
South Korea,1982,1.5455
South Korea,1983,1.4742
South Korea,1984,1.2340
South Korea,1985,0.9846
South Korea,1986,0.9947
South Korea,1987,0.9851
South Korea,1988,0.9792
South Korea,1989,0.9891
South Korea,1990,0.9851
South Korea,1991,0.9898
South Korea,1992,1.0392
South Korea,1993,1.0158
South Korea,1994,1.0062
South Korea,1995,1.0062
South Korea,1996,0.9528
South Korea,1997,0.9377
South Korea,1998,0.7219
South Korea,1999,0.7108
South Korea,2000,0.8362
South Korea,2001,0.7672
South Korea,2002,0.5780
South Korea,2003,0.5183
South Korea,2004,0.3963
South Korea,2005,0.2120
South Korea,2006,0.5252
South Korea,2007,0.5052
South Korea,2008,0.7593
South Korea,2009,0.5147
South Korea,2010,0.4982
South Korea,2011,0.7690
South Korea,2012,0.5257
South Korea,2013,0.4552
South Korea,2014,0.6281
South Korea,2015,0.5273
South Korea,2016,0.3969
South Korea,2017,0.2810
South Korea,2018,0.4335
South Korea,2019,0.3479
South Korea,2020,0.1379
South Korea,2021,-0.1288
South Korea,2022,-0.1875
South Korea,2023,0.0775
Thailand,1970,2.7653
Thailand,1971,2.6973
Thailand,1972,2.6622
Thailand,1973,2.6376
Thailand,1974,2.5479
Thailand,1975,2.4407
Thailand,1976,2.3095
Thailand,1977,2.2363
Thailand,1978,2.1817
Thailand,1979,2.1004
Thailand,1980,2.0618
Thailand,1981,2.0078
Thailand,1982,1.9533
Thailand,1983,1.9366
Thailand,1984,1.8991
Thailand,1985,1.8451
Thailand,1986,1.7883
Thailand,1987,1.7361
Thailand,1988,1.7050
Thailand,1989,1.6465
Thailand,1990,1.6381
Thailand,1991,1.6292
Thailand,1992,1.5895
Thailand,1993,1.5436
Thailand,1994,1.4743
Thailand,1995,1.4271
Thailand,1996,1.3810
Thailand,1997,1.3337
Thailand,1998,1.3056
Thailand,1999,1.2541
Thailand,2000,1.1313
Thailand,2001,1.0158
Thailand,2002,0.9620
Thailand,2003,0.9319
Thailand,2004,0.8961
Thailand,2005,0.8601
Thailand,2006,0.8301
Thailand,2007,0.8000
Thailand,2008,0.7682
Thailand,2009,0.7385
Thailand,2010,0.6706
Thailand,2011,0.6218
Thailand,2012,0.6196
Thailand,2013,0.5873
Thailand,2014,0.5301
Thailand,2015,0.4610
Thailand,2016,0.4513
Thailand,2017,0.4230
Thailand,2018,0.3029
Thailand,2019,0.2046
Thailand,2020,0.1665
Thailand,2021,0.1198
Thailand,2022,0.0111
Thailand,2023,-0.0459
Turkey,1970,2.3492
Turkey,1971,2.3738
Turkey,1972,2.4007
Turkey,1973,2.3132
Turkey,1974,2.2146
Turkey,1975,2.0745
Turkey,1976,2.0418
Turkey,1977,2.0629
Turkey,1978,2.0182
Turkey,1979,1.9628
Turkey,1980,1.9983
Turkey,1981,1.9893
Turkey,1982,2.1378
Turkey,1983,2.3502
Turkey,1984,2.2989
Turkey,1985,2.2204
Turkey,1986,2.1289
Turkey,1987,2.0377
Turkey,1988,1.9971
Turkey,1989,1.9601
Turkey,1990,1.8721
Turkey,1991,1.7594
Turkey,1992,1.7048
Turkey,1993,1.7251
Turkey,1994,1.7385
Turkey,1995,1.6367
Turkey,1996,1.5070
Turkey,1997,1.4452
Turkey,1998,1.3926
Turkey,1999,1.3365
Turkey,2000,1.2830
Turkey,2001,1.2443
Turkey,2002,1.2059
Turkey,2003,1.1609
Turkey,2004,1.1155
Turkey,2005,1.0686
Turkey,2006,1.0272
Turkey,2007,0.1609
Turkey,2008,1.2656
Turkey,2009,1.3803
Turkey,2010,1.5194
Turkey,2011,1.4678
Turkey,2012,1.2747
Turkey,2013,1.2844
Turkey,2014,1.3491
Turkey,2015,1.3341
Turkey,2016,1.3454
Turkey,2017,1.2968
Turkey,2018,1.3536
Turkey,2019,1.4297
Turkey,2020,0.9704
Turkey,2021,0.9104
Turkey,2022,0.9846
Turkey,2023,0.4064
UK,1970,0.3987
UK,1971,0.4177
UK,1972,0.3391
UK,1973,0.1932
UK,1974,0.0631
UK,1975,-0.0074
UK,1976,-0.0246
UK,1977,-0.0329
UK,1978,0.0054
UK,1979,0.0897
UK,1980,0.1195
UK,1981,0.0348
UK,1982,-0.0358
UK,1983,0.0341
UK,1984,0.1583
UK,1985,0.2270
UK,1986,0.2316
UK,1987,0.2126
UK,1988,0.2221
UK,1989,0.2603
UK,1990,0.2989
UK,1991,0.3092
UK,1992,0.2704
UK,1993,0.2397
UK,1994,0.2546
UK,1995,0.2645
UK,1996,0.2546
UK,1997,0.2576
UK,1998,0.2914
UK,1999,0.3334
UK,2000,0.3573
UK,2001,0.3850
UK,2002,0.4233
UK,2003,0.4656
UK,2004,0.5689
UK,2005,0.6866
UK,2006,0.7350
UK,2007,0.7787
UK,2008,0.7870
UK,2009,0.7564
UK,2010,0.7839
UK,2011,0.7815
UK,2012,0.7123
UK,2013,0.6680
UK,2014,0.7471
UK,2015,0.7216
UK,2016,0.7942
UK,2017,0.5442
UK,2018,0.4885
UK,2019,0.5131
UK,2020,0.1680
UK,2021,0.3560
UK,2022,0.9776
UK,2023,1.3073
USA,1970,1.1650
USA,1971,1.2643
USA,1972,1.0705
USA,1973,0.9545
USA,1974,0.9137
USA,1975,0.9860
USA,1976,0.9502
USA,1977,1.0058
USA,1978,1.0596
USA,1979,1.1036
USA,1980,0.9596
USA,1981,0.9814
USA,1982,0.9533
USA,1983,0.9144
USA,1984,0.8658
USA,1985,0.8861
USA,1986,0.9242
USA,1987,0.8938
USA,1988,0.9080
USA,1989,0.9444
USA,1990,1.1297
USA,1991,1.3363
USA,1992,1.3869
USA,1993,1.3187
USA,1994,1.2263
USA,1995,1.1908
USA,1996,1.1634
USA,1997,1.2040
USA,1998,1.1657
USA,1999,1.1483
USA,2000,1.1128
USA,2001,0.9897
USA,2002,0.9278
USA,2003,0.8595
USA,2004,0.9255
USA,2005,0.9217
USA,2006,0.9643
USA,2007,0.9511
USA,2008,0.9459
USA,2009,0.8767
USA,2010,0.8461
USA,2011,0.7924
USA,2012,0.7984
USA,2013,0.7566
USA,2014,0.7960
USA,2015,0.7979
USA,2016,0.7856
USA,2017,0.6929
USA,2018,0.5864
USA,2019,0.5151
USA,2020,0.4085
USA,2021,0.1573
USA,2022,0.5693
USA,2023,0.8226
Vietnam,1970,2.1769
Vietnam,1971,2.3213
Vietnam,1972,2.2821
Vietnam,1973,2.2330
Vietnam,1974,2.2349
Vietnam,1975,2.3274
Vietnam,1976,2.5531
Vietnam,1977,2.6283
Vietnam,1978,2.6103
Vietnam,1979,2.2213
Vietnam,1980,2.1410
Vietnam,1981,2.3498
Vietnam,1982,2.3415
Vietnam,1983,2.3829
Vietnam,1984,2.3994
Vietnam,1985,2.3202
Vietnam,1986,2.1548
Vietnam,1987,2.0301
Vietnam,1988,2.0231
Vietnam,1989,2.0540
Vietnam,1990,2.0937
Vietnam,1991,2.0956
Vietnam,1992,2.0253
Vietnam,1993,1.9240
Vietnam,1994,1.8058
Vietnam,1995,1.6733
Vietnam,1996,1.5241
Vietnam,1997,1.4526
Vietnam,1998,1.4349
Vietnam,1999,1.3033
Vietnam,2000,1.1295
Vietnam,2001,1.0512
Vietnam,2002,1.0245
Vietnam,2003,0.9998
Vietnam,2004,0.9696
Vietnam,2005,0.9284
Vietnam,2006,1.3226
Vietnam,2007,1.7678
Vietnam,2008,1.8275
Vietnam,2009,1.4965
Vietnam,2010,1.1444
Vietnam,2011,1.1518
Vietnam,2012,1.1710
Vietnam,2013,1.1803
Vietnam,2014,1.2142
Vietnam,2015,1.2398
Vietnam,2016,1.2599
Vietnam,2017,1.2442
Vietnam,2018,1.1079
Vietnam,2019,0.9684
Vietnam,2020,0.9274
Vietnam,2021,0.8689
Vietnam,2022,0.7508
Vietnam,2023,0.6714
